{"cameraMode":{"drawMode":0,"name":"Shaded","section":"Shading Mode"},"sceneLighting":true,"audioPlay":false,"sceneViewState":{"m_AlwaysRefresh":true,"showFog":true,"showSkybox":true,"showFlares":true,"showImageEffects":true,"showParticleSystems":true,"showVisualEffectGraphs":true,"m_FxEnabled":true},"in2DMode":false,"pivot":{"x":8.456829071044922,"y":5.841644287109375,"z":-3.3640661239624025},"rotation":{"x":0.035932958126068118,"y":0.9481837153434753,"z":-0.29363083839416506,"w":0.1160675585269928},"size":17.54970359802246,"orthographic":false}